PRAGMA foreign_keys=OFF;
BEGIN TRANSACTION;
CREATE TABLE IF NOT EXISTS "django_migrations" ("id" integer NOT NULL PRIMARY KEY AUTOINCREMENT, "app" varchar(255) NOT NULL, "name" varchar(255) NOT NULL, "applied" datetime NOT NULL);
INSERT INTO django_migrations VALUES(1,'contenttypes','0001_initial','2024-11-19 19:36:43.142696');
INSERT INTO django_migrations VALUES(2,'auth','0001_initial','2024-11-19 19:36:43.158874');
INSERT INTO django_migrations VALUES(3,'admin','0001_initial','2024-11-19 19:36:43.168088');
INSERT INTO django_migrations VALUES(4,'admin','0002_logentry_remove_auto_add','2024-11-19 19:36:43.178507');
INSERT INTO django_migrations VALUES(5,'admin','0003_logentry_add_action_flag_choices','2024-11-19 19:36:43.185319');
INSERT INTO django_migrations VALUES(6,'contenttypes','0002_remove_content_type_name','2024-11-19 19:36:43.200500');
INSERT INTO django_migrations VALUES(7,'auth','0002_alter_permission_name_max_length','2024-11-19 19:36:43.210176');
INSERT INTO django_migrations VALUES(8,'auth','0003_alter_user_email_max_length','2024-11-19 19:36:43.219053');
INSERT INTO django_migrations VALUES(9,'auth','0004_alter_user_username_opts','2024-11-19 19:36:43.225705');
INSERT INTO django_migrations VALUES(10,'auth','0005_alter_user_last_login_null','2024-11-19 19:36:43.234670');
INSERT INTO django_migrations VALUES(11,'auth','0006_require_contenttypes_0002','2024-11-19 19:36:43.236569');
INSERT INTO django_migrations VALUES(12,'auth','0007_alter_validators_add_error_messages','2024-11-19 19:36:43.243710');
INSERT INTO django_migrations VALUES(13,'auth','0008_alter_user_username_max_length','2024-11-19 19:36:43.252728');
INSERT INTO django_migrations VALUES(14,'auth','0009_alter_user_last_name_max_length','2024-11-19 19:36:43.262319');
INSERT INTO django_migrations VALUES(15,'auth','0010_alter_group_name_max_length','2024-11-19 19:36:43.270740');
INSERT INTO django_migrations VALUES(16,'auth','0011_update_proxy_permissions','2024-11-19 19:36:43.282290');
INSERT INTO django_migrations VALUES(17,'auth','0012_alter_user_first_name_max_length','2024-11-19 19:36:43.292707');
INSERT INTO django_migrations VALUES(18,'catalog','0001_initial','2024-11-19 19:36:43.306441');
INSERT INTO django_migrations VALUES(19,'catalog','0002_product_photo','2024-11-19 19:36:43.311608');
INSERT INTO django_migrations VALUES(20,'main','0001_initial','2024-11-19 19:36:43.318741');
INSERT INTO django_migrations VALUES(21,'personal','0001_initial','2024-11-19 19:36:43.326312');
INSERT INTO django_migrations VALUES(22,'order','0001_initial','2024-11-19 19:36:43.334535');
INSERT INTO django_migrations VALUES(23,'sessions','0001_initial','2024-11-19 19:36:43.340181');
INSERT INTO django_migrations VALUES(24,'catalog','0003_producttype_price_producttype_product','2024-11-26 08:05:41.511277');
INSERT INTO django_migrations VALUES(25,'catalog','0004_producttype_photo','2024-11-26 08:10:36.083265');
INSERT INTO django_migrations VALUES(26,'catalog','0005_producttype_left_alter_producttype_photo','2024-11-26 08:12:51.201387');
INSERT INTO django_migrations VALUES(27,'catalog','0006_collections_product_collection','2024-12-01 07:39:25.986500');
INSERT INTO django_migrations VALUES(28,'catalog','0007_product_price','2024-12-01 18:35:40.394536');
INSERT INTO django_migrations VALUES(29,'main','0002_shops_news_slug','2024-12-09 11:45:33.660549');
INSERT INTO django_migrations VALUES(30,'main','0003_alter_shops_shop_type','2024-12-09 12:37:24.340127');
INSERT INTO django_migrations VALUES(31,'order','0002_order_last_name_order_mail_order_name_and_more','2024-12-09 12:37:24.369110');
INSERT INTO django_migrations VALUES(32,'order','0003_order_cart_items_order_price','2024-12-09 12:51:50.768729');
INSERT INTO django_migrations VALUES(33,'order','0004_alter_order_customer','2024-12-09 12:52:49.204883');
INSERT INTO django_migrations VALUES(34,'order','0005_alter_order_customer_alter_order_date_and_more','2024-12-09 12:57:47.913047');
INSERT INTO django_migrations VALUES(35,'order','0006_order_order_status','2024-12-09 13:06:56.930568');
CREATE TABLE IF NOT EXISTS "auth_group_permissions" ("id" integer NOT NULL PRIMARY KEY AUTOINCREMENT, "group_id" integer NOT NULL REFERENCES "auth_group" ("id") DEFERRABLE INITIALLY DEFERRED, "permission_id" integer NOT NULL REFERENCES "auth_permission" ("id") DEFERRABLE INITIALLY DEFERRED);
CREATE TABLE IF NOT EXISTS "auth_user_groups" ("id" integer NOT NULL PRIMARY KEY AUTOINCREMENT, "user_id" integer NOT NULL REFERENCES "auth_user" ("id") DEFERRABLE INITIALLY DEFERRED, "group_id" integer NOT NULL REFERENCES "auth_group" ("id") DEFERRABLE INITIALLY DEFERRED);
CREATE TABLE IF NOT EXISTS "auth_user_user_permissions" ("id" integer NOT NULL PRIMARY KEY AUTOINCREMENT, "user_id" integer NOT NULL REFERENCES "auth_user" ("id") DEFERRABLE INITIALLY DEFERRED, "permission_id" integer NOT NULL REFERENCES "auth_permission" ("id") DEFERRABLE INITIALLY DEFERRED);
CREATE TABLE IF NOT EXISTS "django_admin_log" ("id" integer NOT NULL PRIMARY KEY AUTOINCREMENT, "object_id" text NULL, "object_repr" varchar(200) NOT NULL, "action_flag" smallint unsigned NOT NULL CHECK ("action_flag" >= 0), "change_message" text NOT NULL, "content_type_id" integer NULL REFERENCES "django_content_type" ("id") DEFERRABLE INITIALLY DEFERRED, "user_id" integer NOT NULL REFERENCES "auth_user" ("id") DEFERRABLE INITIALLY DEFERRED, "action_time" datetime NOT NULL);
INSERT INTO django_admin_log VALUES(1,'1','Color object (1)',1,'[{"added": {}}]',9,1,'2024-11-26 08:06:20.862842');
INSERT INTO django_admin_log VALUES(2,'2','Желтый',1,'[{"added": {}}]',9,1,'2024-11-26 08:06:59.818001');
INSERT INTO django_admin_log VALUES(3,'3','Синий',1,'[{"added": {}}]',9,1,'2024-11-26 08:07:20.852318');
INSERT INTO django_admin_log VALUES(4,'1','Material object (1)',1,'[{"added": {}}]',10,1,'2024-11-26 08:07:31.458007');
INSERT INTO django_admin_log VALUES(5,'2','Material object (2)',1,'[{"added": {}}]',10,1,'2024-11-26 08:07:35.485659');
INSERT INTO django_admin_log VALUES(6,'3','Material object (3)',1,'[{"added": {}}]',10,1,'2024-11-26 08:07:40.066920');
INSERT INTO django_admin_log VALUES(7,'1','Size object (1)',1,'[{"added": {}}]',12,1,'2024-11-26 08:08:00.669770');
INSERT INTO django_admin_log VALUES(8,'2','Size object (2)',1,'[{"added": {}}]',12,1,'2024-11-26 08:08:04.034162');
INSERT INTO django_admin_log VALUES(9,'3','Size object (3)',1,'[{"added": {}}]',12,1,'2024-11-26 08:08:09.192552');
INSERT INTO django_admin_log VALUES(10,'1','Product object (1)',1,'[{"added": {}}]',11,1,'2024-11-26 08:09:33.436205');
INSERT INTO django_admin_log VALUES(11,'1','ProductType object (1)',1,'[{"added": {}}]',13,1,'2024-11-26 08:11:21.374714');
INSERT INTO django_admin_log VALUES(12,'1','Красная куртка - S - Красный - Алмазы',2,'[{"changed": {"fields": ["\u041e\u0441\u0442\u0430\u0442\u043e\u043a"]}}]',13,1,'2024-11-26 08:13:09.933141');
INSERT INTO django_admin_log VALUES(13,'2','Желтая куртка - M - Желтый - Золото',1,'[{"added": {}}]',13,1,'2024-11-26 08:13:48.695040');
INSERT INTO django_admin_log VALUES(14,'1','Collections object (1)',1,'[{"added": {}}]',17,1,'2024-12-01 15:06:30.503913');
INSERT INTO django_admin_log VALUES(15,'2','Collections object (2)',1,'[{"added": {}}]',17,1,'2024-12-01 15:07:00.341685');
INSERT INTO django_admin_log VALUES(16,'2','Тестовая куртка 2',1,'[{"added": {}}, {"added": {"name": "product type", "object": "\u0422\u0435\u0441\u0442\u043e\u0432\u0430\u044f \u043a\u0443\u0440\u0442\u043a\u0430 2 \u0436\u0435\u043b\u0442\u0430\u044f - S - \u0416\u0435\u043b\u0442\u044b\u0439 - \u0416\u0435\u043b\u0435\u0437\u043e - 10"}}, {"added": {"name": "product type", "object": "\u0422\u0435\u0441\u0442\u043e\u0432\u0430\u044f \u043a\u0443\u0440\u0442\u043a\u0430 2 \u0441\u0438\u043d\u044f\u044f - L - \u0421\u0438\u043d\u0438\u0439 - \u0417\u043e\u043b\u043e\u0442\u043e - 20"}}]',11,1,'2024-12-01 15:07:12.175695');
INSERT INTO django_admin_log VALUES(17,'1','Тестовая Куртка',2,'[{"changed": {"fields": ["\u041a\u043e\u043b\u043b\u0435\u043a\u0446\u0438\u044f"]}}]',11,1,'2024-12-01 15:07:21.191553');
INSERT INTO django_admin_log VALUES(18,'3','Тестовая куртка 3',1,'[{"added": {}}, {"added": {"name": "product type", "object": "\u0422\u0435\u0441\u0442\u043e\u0432\u0430\u044f \u043a\u0443\u0440\u0442\u043a\u0430 3 123 - M - \u0416\u0435\u043b\u0442\u044b\u0439 - \u0410\u043b\u043c\u0430\u0437\u044b - 6"}}, {"added": {"name": "product type", "object": "\u0422\u0435\u0441\u0442\u043e\u0432\u0430\u044f \u043a\u0443\u0440\u0442\u043a\u0430 3 321 - L - \u0421\u0438\u043d\u0438\u0439 - \u0417\u043e\u043b\u043e\u0442\u043e - 11"}}]',11,1,'2024-12-01 15:09:42.672735');
INSERT INTO django_admin_log VALUES(19,'4','Тестовое платье',1,'[{"added": {}}, {"added": {"name": "product type", "object": "\u0422\u0435\u0441\u0442\u043e\u0432\u043e\u0435 \u043f\u043b\u0430\u0442\u044c\u0435 412 - M - \u0416\u0435\u043b\u0442\u044b\u0439 - \u0417\u043e\u043b\u043e\u0442\u043e - 112"}}, {"added": {"name": "product type", "object": "\u0422\u0435\u0441\u0442\u043e\u0432\u043e\u0435 \u043f\u043b\u0430\u0442\u044c\u0435 51251 - L - \u0421\u0438\u043d\u0438\u0439 - \u0416\u0435\u043b\u0435\u0437\u043e - 41"}}]',11,1,'2024-12-01 15:21:27.480007');
INSERT INTO django_admin_log VALUES(20,'5','Тестовое платье 2',1,'[{"added": {}}, {"added": {"name": "product type", "object": "\u0422\u0435\u0441\u0442\u043e\u0432\u043e\u0435 \u043f\u043b\u0430\u0442\u044c\u0435 2 512 - M - \u0421\u0438\u043d\u0438\u0439 - \u0410\u043b\u043c\u0430\u0437\u044b - 124"}}, {"added": {"name": "product type", "object": "\u0422\u0435\u0441\u0442\u043e\u0432\u043e\u0435 \u043f\u043b\u0430\u0442\u044c\u0435 2 2151 - L - \u0416\u0435\u043b\u0442\u044b\u0439 - \u0416\u0435\u043b\u0435\u0437\u043e - 45"}}]',11,1,'2024-12-01 15:28:13.813700');
INSERT INTO django_admin_log VALUES(21,'4','Тестовое платье',2,'[{"changed": {"fields": ["\u041f\u043e\u043a\u0430\u0437\u044b\u0432\u0430\u0442\u044c \u043d\u0430 \u0433\u043b\u0430\u0432\u043d\u043e\u0439"]}}]',11,1,'2024-12-01 15:29:04.273902');
INSERT INTO django_admin_log VALUES(22,'6','Рубашка ANTONELLI FIRENZE тестовая',1,'[{"added": {}}]',11,1,'2024-12-04 16:11:58.693185');
INSERT INTO django_admin_log VALUES(23,'7','Костюм из шерсти, шёлка и кашемира',1,'[{"added": {}}]',11,1,'2024-12-04 16:13:18.420847');
INSERT INTO django_admin_log VALUES(24,'7','Костюм из шерсти, шёлка и кашемира',2,'[{"added": {"name": "product type", "object": "dddd - M - \u041a\u0440\u0430\u0441\u043d\u044b\u0439 - \u0410\u043b\u043c\u0430\u0437\u044b - 0"}}]',11,1,'2024-12-04 16:16:00.676276');
INSERT INTO django_admin_log VALUES(25,'7','Костюм из шерсти, шёлка и кашемира',2,'[{"added": {"name": "product type", "object": "sss - M - \u041a\u0440\u0430\u0441\u043d\u044b\u0439 - \u0410\u043b\u043c\u0430\u0437\u044b - 0"}}]',11,1,'2024-12-04 16:16:40.898295');
INSERT INTO django_admin_log VALUES(26,'12','sss - M - Красный - Алмазы - 0',2,'[{"added": {"name": "product type photos", "object": "ProductTypePhotos object (1)"}}, {"added": {"name": "product type photos", "object": "ProductTypePhotos object (2)"}}, {"added": {"name": "product type photos", "object": "ProductTypePhotos object (3)"}}]',13,1,'2024-12-04 16:18:56.836862');
INSERT INTO django_admin_log VALUES(27,'11','dddd - M - Красный - Алмазы - 0',3,'',13,1,'2024-12-04 16:19:30.510617');
INSERT INTO django_admin_log VALUES(28,'2','Customer object (2)',3,'',15,1,'2024-12-04 17:22:01.131392');
INSERT INTO django_admin_log VALUES(29,'2','test@mail.ru',3,'',4,1,'2024-12-04 17:22:06.184841');
INSERT INTO django_admin_log VALUES(30,'3','test@mail.ru',3,'',15,1,'2024-12-04 18:49:24.479745');
INSERT INTO django_admin_log VALUES(31,'3','test@mail.ru',3,'',4,1,'2024-12-04 19:13:53.368030');
INSERT INTO django_admin_log VALUES(32,'4','konstantinbagatelia@mail.ru',2,'[{"changed": {"fields": ["password"]}}]',4,1,'2024-12-08 20:05:09.263638');
INSERT INTO django_admin_log VALUES(33,'4','konstantinbagatelia@mail.ru',2,'[{"changed": {"fields": ["password"]}}]',4,1,'2024-12-08 20:07:11.059975');
INSERT INTO django_admin_log VALUES(34,'1','Куртки',2,'[{"changed": {"fields": ["\u0424\u043e\u0442\u043e\u0433\u0440\u0430\u0444\u0438\u044f"]}}]',17,1,'2024-12-09 06:11:50.474406');
INSERT INTO django_admin_log VALUES(35,'2','Платья',2,'[{"changed": {"fields": ["\u0424\u043e\u0442\u043e\u0433\u0440\u0430\u0444\u0438\u044f"]}}]',17,1,'2024-12-09 06:12:14.413669');
INSERT INTO django_admin_log VALUES(36,'1','Shops object (1)',1,'[{"added": {}}]',18,1,'2024-12-09 11:52:39.575379');
INSERT INTO django_admin_log VALUES(37,'2','Shops object (2)',1,'[{"added": {}}]',18,1,'2024-12-09 11:53:26.781940');
INSERT INTO django_admin_log VALUES(38,'3','Тестовый корнер',1,'[{"added": {}}]',18,1,'2024-12-09 11:54:38.316613');
INSERT INTO django_admin_log VALUES(39,'4','Тестовый аутлет 2',1,'[{"added": {}}]',18,1,'2024-12-09 11:55:13.831840');
INSERT INTO django_admin_log VALUES(40,'5','Order object (5)',3,'',16,1,'2024-12-09 13:04:53.592922');
INSERT INTO django_admin_log VALUES(41,'4','Order object (4)',3,'',16,1,'2024-12-09 13:04:53.592968');
INSERT INTO django_admin_log VALUES(42,'3','Order object (3)',3,'',16,1,'2024-12-09 13:04:53.592984');
INSERT INTO django_admin_log VALUES(43,'2','None test test None',3,'',16,1,'2024-12-09 13:07:52.692504');
INSERT INTO django_admin_log VALUES(44,'1','None test test None',3,'',16,1,'2024-12-09 13:07:52.692578');
INSERT INTO django_admin_log VALUES(45,'1','News object (1)',1,'[{"added": {}}, {"added": {"name": "news photos", "object": "NewsPhotos object (1)"}}, {"added": {"name": "news photos", "object": "NewsPhotos object (2)"}}, {"added": {"name": "news photos", "object": "NewsPhotos object (3)"}}]',7,1,'2024-12-09 13:22:56.379555');
INSERT INTO django_admin_log VALUES(46,'2','Новое поступление зима-осень',1,'[{"added": {}}, {"added": {"name": "news photos", "object": "NewsPhotos object (4)"}}, {"added": {"name": "news photos", "object": "NewsPhotos object (5)"}}, {"added": {"name": "news photos", "object": "NewsPhotos object (6)"}}, {"added": {"name": "news photos", "object": "NewsPhotos object (7)"}}]',7,1,'2024-12-09 13:24:28.246593');
INSERT INTO django_admin_log VALUES(47,'2','Новое поступление зима-осень',2,'[{"changed": {"fields": ["\u0414\u0430\u0442\u0430"]}}]',7,1,'2024-12-09 13:27:31.559531');
CREATE TABLE IF NOT EXISTS "django_content_type" ("id" integer NOT NULL PRIMARY KEY AUTOINCREMENT, "app_label" varchar(100) NOT NULL, "model" varchar(100) NOT NULL);
INSERT INTO django_content_type VALUES(1,'admin','logentry');
INSERT INTO django_content_type VALUES(2,'auth','permission');
INSERT INTO django_content_type VALUES(3,'auth','group');
INSERT INTO django_content_type VALUES(4,'auth','user');
INSERT INTO django_content_type VALUES(5,'contenttypes','contenttype');
INSERT INTO django_content_type VALUES(6,'sessions','session');
INSERT INTO django_content_type VALUES(7,'main','news');
INSERT INTO django_content_type VALUES(8,'main','newsphotos');
INSERT INTO django_content_type VALUES(9,'catalog','color');
INSERT INTO django_content_type VALUES(10,'catalog','material');
INSERT INTO django_content_type VALUES(11,'catalog','product');
INSERT INTO django_content_type VALUES(12,'catalog','size');
INSERT INTO django_content_type VALUES(13,'catalog','producttype');
INSERT INTO django_content_type VALUES(14,'catalog','producttypephotos');
INSERT INTO django_content_type VALUES(15,'personal','customer');
INSERT INTO django_content_type VALUES(16,'order','order');
INSERT INTO django_content_type VALUES(17,'catalog','collections');
INSERT INTO django_content_type VALUES(18,'main','shops');
CREATE TABLE IF NOT EXISTS "auth_permission" ("id" integer NOT NULL PRIMARY KEY AUTOINCREMENT, "content_type_id" integer NOT NULL REFERENCES "django_content_type" ("id") DEFERRABLE INITIALLY DEFERRED, "codename" varchar(100) NOT NULL, "name" varchar(255) NOT NULL);
INSERT INTO auth_permission VALUES(1,1,'add_logentry','Can add log entry');
INSERT INTO auth_permission VALUES(2,1,'change_logentry','Can change log entry');
INSERT INTO auth_permission VALUES(3,1,'delete_logentry','Can delete log entry');
INSERT INTO auth_permission VALUES(4,1,'view_logentry','Can view log entry');
INSERT INTO auth_permission VALUES(5,2,'add_permission','Can add permission');
INSERT INTO auth_permission VALUES(6,2,'change_permission','Can change permission');
INSERT INTO auth_permission VALUES(7,2,'delete_permission','Can delete permission');
INSERT INTO auth_permission VALUES(8,2,'view_permission','Can view permission');
INSERT INTO auth_permission VALUES(9,3,'add_group','Can add group');
INSERT INTO auth_permission VALUES(10,3,'change_group','Can change group');
INSERT INTO auth_permission VALUES(11,3,'delete_group','Can delete group');
INSERT INTO auth_permission VALUES(12,3,'view_group','Can view group');
INSERT INTO auth_permission VALUES(13,4,'add_user','Can add user');
INSERT INTO auth_permission VALUES(14,4,'change_user','Can change user');
INSERT INTO auth_permission VALUES(15,4,'delete_user','Can delete user');
INSERT INTO auth_permission VALUES(16,4,'view_user','Can view user');
INSERT INTO auth_permission VALUES(17,5,'add_contenttype','Can add content type');
INSERT INTO auth_permission VALUES(18,5,'change_contenttype','Can change content type');
INSERT INTO auth_permission VALUES(19,5,'delete_contenttype','Can delete content type');
INSERT INTO auth_permission VALUES(20,5,'view_contenttype','Can view content type');
INSERT INTO auth_permission VALUES(21,6,'add_session','Can add session');
INSERT INTO auth_permission VALUES(22,6,'change_session','Can change session');
INSERT INTO auth_permission VALUES(23,6,'delete_session','Can delete session');
INSERT INTO auth_permission VALUES(24,6,'view_session','Can view session');
INSERT INTO auth_permission VALUES(25,7,'add_news','Can add news');
INSERT INTO auth_permission VALUES(26,7,'change_news','Can change news');
INSERT INTO auth_permission VALUES(27,7,'delete_news','Can delete news');
INSERT INTO auth_permission VALUES(28,7,'view_news','Can view news');
INSERT INTO auth_permission VALUES(29,8,'add_newsphotos','Can add news photos');
INSERT INTO auth_permission VALUES(30,8,'change_newsphotos','Can change news photos');
INSERT INTO auth_permission VALUES(31,8,'delete_newsphotos','Can delete news photos');
INSERT INTO auth_permission VALUES(32,8,'view_newsphotos','Can view news photos');
INSERT INTO auth_permission VALUES(33,9,'add_color','Can add color');
INSERT INTO auth_permission VALUES(34,9,'change_color','Can change color');
INSERT INTO auth_permission VALUES(35,9,'delete_color','Can delete color');
INSERT INTO auth_permission VALUES(36,9,'view_color','Can view color');
INSERT INTO auth_permission VALUES(37,10,'add_material','Can add material');
INSERT INTO auth_permission VALUES(38,10,'change_material','Can change material');
INSERT INTO auth_permission VALUES(39,10,'delete_material','Can delete material');
INSERT INTO auth_permission VALUES(40,10,'view_material','Can view material');
INSERT INTO auth_permission VALUES(41,11,'add_product','Can add product');
INSERT INTO auth_permission VALUES(42,11,'change_product','Can change product');
INSERT INTO auth_permission VALUES(43,11,'delete_product','Can delete product');
INSERT INTO auth_permission VALUES(44,11,'view_product','Can view product');
INSERT INTO auth_permission VALUES(45,12,'add_size','Can add size');
INSERT INTO auth_permission VALUES(46,12,'change_size','Can change size');
INSERT INTO auth_permission VALUES(47,12,'delete_size','Can delete size');
INSERT INTO auth_permission VALUES(48,12,'view_size','Can view size');
INSERT INTO auth_permission VALUES(49,13,'add_producttype','Can add product type');
INSERT INTO auth_permission VALUES(50,13,'change_producttype','Can change product type');
INSERT INTO auth_permission VALUES(51,13,'delete_producttype','Can delete product type');
INSERT INTO auth_permission VALUES(52,13,'view_producttype','Can view product type');
INSERT INTO auth_permission VALUES(53,14,'add_producttypephotos','Can add product type photos');
INSERT INTO auth_permission VALUES(54,14,'change_producttypephotos','Can change product type photos');
INSERT INTO auth_permission VALUES(55,14,'delete_producttypephotos','Can delete product type photos');
INSERT INTO auth_permission VALUES(56,14,'view_producttypephotos','Can view product type photos');
INSERT INTO auth_permission VALUES(57,15,'add_customer','Can add customer');
INSERT INTO auth_permission VALUES(58,15,'change_customer','Can change customer');
INSERT INTO auth_permission VALUES(59,15,'delete_customer','Can delete customer');
INSERT INTO auth_permission VALUES(60,15,'view_customer','Can view customer');
INSERT INTO auth_permission VALUES(61,16,'add_order','Can add order');
INSERT INTO auth_permission VALUES(62,16,'change_order','Can change order');
INSERT INTO auth_permission VALUES(63,16,'delete_order','Can delete order');
INSERT INTO auth_permission VALUES(64,16,'view_order','Can view order');
INSERT INTO auth_permission VALUES(65,17,'add_collections','Can add collections');
INSERT INTO auth_permission VALUES(66,17,'change_collections','Can change collections');
INSERT INTO auth_permission VALUES(67,17,'delete_collections','Can delete collections');
INSERT INTO auth_permission VALUES(68,17,'view_collections','Can view collections');
INSERT INTO auth_permission VALUES(69,18,'add_shops','Can add shops');
INSERT INTO auth_permission VALUES(70,18,'change_shops','Can change shops');
INSERT INTO auth_permission VALUES(71,18,'delete_shops','Can delete shops');
INSERT INTO auth_permission VALUES(72,18,'view_shops','Can view shops');
CREATE TABLE IF NOT EXISTS "auth_group" ("id" integer NOT NULL PRIMARY KEY AUTOINCREMENT, "name" varchar(150) NOT NULL UNIQUE);
CREATE TABLE IF NOT EXISTS "auth_user" ("id" integer NOT NULL PRIMARY KEY AUTOINCREMENT, "password" varchar(128) NOT NULL, "last_login" datetime NULL, "is_superuser" bool NOT NULL, "username" varchar(150) NOT NULL UNIQUE, "last_name" varchar(150) NOT NULL, "email" varchar(254) NOT NULL, "is_staff" bool NOT NULL, "is_active" bool NOT NULL, "date_joined" datetime NOT NULL, "first_name" varchar(150) NOT NULL);
INSERT INTO auth_user VALUES(1,'pbkdf2_sha256$870000$JLWETwUz0yS9ZiZt2dx95O$OuYkgMnDmMQL+AqUiFFw1WHOy5jhTF7ekJ0y72pcSPs=','2024-12-09 12:24:38.889581',1,'mail@mail.ru','test','mail@mail.ru',1,1,'2024-11-19 19:37:14.455550','test');
INSERT INTO auth_user VALUES(4,'pbkdf2_sha256$870000$DalqKCMUyroEP8arkBGFLE$JDb5qlM622fXuL5Gj3i9kwsSWvuH87nu6+cuRdVIYEo=','2024-12-08 20:09:48.662370',0,'konstantinbagatelia@mail.ru','Иванов 31','konstantinbagatelia@mail.ru',0,1,'2024-12-04 19:13:58.638746','Иван1 2');
INSERT INTO auth_user VALUES(5,'pbkdf2_sha256$870000$7ameIgqtipRQDhrY2YMag7$AStgHwXEe3jvM8I5pRR9S9BBIhEMRjvGdLboArzYFZQ=','2024-12-09 06:29:36.238467',0,'Abshdg@shsh.ru','Dhhdhdh','Abshdg@shsh.ru',0,1,'2024-12-09 06:29:35.845945','Hsbdbd');
INSERT INTO auth_user VALUES(6,'pbkdf2_sha256$870000$Nn0Uvwghh6wGILLn1VJc4B$jaulY+IzlutY936Jf+uCDqn8fKfCJ7GEbiIT4mI5fLw=','2024-12-09 07:11:42.992049',0,'hfjdsf@hdfkjhs.ru','аыва','hfjdsf@hdfkjhs.ru',0,1,'2024-12-09 07:11:42.653071','авыа');
INSERT INTO auth_user VALUES(7,'pbkdf2_sha256$870000$Vp1EPvOr7jRBmp4APofiC0$v+1m+5HbhKb47+Pz2YxmAJq7STke82RQI2M5mIcHdMw=','2024-12-09 07:51:15.382023',0,'ffwefw@fe.fefwf','dadad','ffwefw@fe.fefwf',0,1,'2024-12-09 07:51:15.046327','dasdas');
INSERT INTO auth_user VALUES(8,'pbkdf2_sha256$870000$e2BEtxkE4SAgwIjseaR6AH$BOJDzi5nJIdGnTIFhfkM4y3pdQHju9e4LGgziilPEZo=','2024-12-09 10:13:25.563326',0,'i.malyugin00@gmail.com','daadda','i.malyugin00@gmail.com',0,1,'2024-12-09 10:13:25.228897','dadaad');
INSERT INTO auth_user VALUES(9,'pbkdf2_sha256$870000$UNyKarhCDbHzrR6E5puiml$ZshM9EHVeThakuuylAT1nUgpfEbXDn7y2GfGPD+Hm+Y=','2024-12-10 16:08:58.491908',0,'ukcccplive@gmail.com','Темтов','ukcccplive@gmail.com',0,1,'2024-12-10 16:08:58.101397','Илья');
INSERT INTO auth_user VALUES(10,'pbkdf2_sha256$870000$roMbAV5g9mwwcfNgZgwrI6$gCeMcdnw1Tz/5O1XCcZ5P8GSg1xbFxILLkWWkVarGyk=','2024-12-10 16:31:21.672830',0,'selderaymail@gmail.com','вйвцй','selderaymail@gmail.com',0,1,'2024-12-10 16:31:21.320611','вйвцй');
INSERT INTO auth_user VALUES(11,'pbkdf2_sha256$870000$U7JQEWVf2Gjmx3CqsPcJpL$UaqA4Ifi+007aS6Z66fU6/Dtsohk8lQoy+KDomaSe64=','2024-12-10 16:32:30.429194',0,'jdwqjdqwj@dwdw.regerg','вйцвйцйвц','jdwqjdqwj@dwdw.regerg',0,1,'2024-12-10 16:32:30.086483','вцйвцй');
INSERT INTO auth_user VALUES(12,'pbkdf2_sha256$870000$jUFv3lPmJusWIaU24qggOi$yKYEga0xjOjNJ1UTZK9TcXzKWxO76PvtSqAikmvxx3s=','2024-12-12 19:10:09.600822',0,'1@mail.ru','Тест','1@mail.ru',0,1,'2024-12-12 19:10:09.261877','Илья');
INSERT INTO auth_user VALUES(13,'pbkdf2_sha256$870000$mWYLJ3cfk9XpM59yHPUDbB$xCElyt3Q4e2U+E5/VSVrWohwUxFwgJ1iWIlcAcr6+Rc=','2025-01-15 12:31:29.052814',1,'admin','','',1,1,'2024-12-12 19:33:58.138959','');
CREATE TABLE IF NOT EXISTS "catalog_color" ("id" integer NOT NULL PRIMARY KEY AUTOINCREMENT, "name" varchar(127) NOT NULL, "color_code" varchar(63) NOT NULL);
INSERT INTO catalog_color VALUES(1,'Красный','ff1f1f');
INSERT INTO catalog_color VALUES(2,'Желтый','ebff1f');
INSERT INTO catalog_color VALUES(3,'Синий','009bff');
CREATE TABLE IF NOT EXISTS "catalog_material" ("id" integer NOT NULL PRIMARY KEY AUTOINCREMENT, "name" varchar(127) NOT NULL);
INSERT INTO catalog_material VALUES(1,'Алмазы');
INSERT INTO catalog_material VALUES(2,'Золото');
INSERT INTO catalog_material VALUES(3,'Железо');
CREATE TABLE IF NOT EXISTS "catalog_size" ("id" integer NOT NULL PRIMARY KEY AUTOINCREMENT, "name" varchar(127) NOT NULL);
INSERT INTO catalog_size VALUES(1,'S');
INSERT INTO catalog_size VALUES(2,'M');
INSERT INTO catalog_size VALUES(3,'L');
CREATE TABLE IF NOT EXISTS "catalog_producttypephotos" ("id" integer NOT NULL PRIMARY KEY AUTOINCREMENT, "photo" varchar(100) NOT NULL, "producttype_id" bigint NOT NULL REFERENCES "catalog_producttype" ("id") DEFERRABLE INITIALLY DEFERRED);
INSERT INTO catalog_producttypephotos VALUES(1,'uploads/catalog/g2_QaErqYc.jpg',12);
INSERT INTO catalog_producttypephotos VALUES(2,'uploads/catalog/g4_qL7kVR2.jpg',12);
INSERT INTO catalog_producttypephotos VALUES(3,'uploads/catalog/g4_2wld4CV.jpg',12);
CREATE TABLE IF NOT EXISTS "main_newsphotos" ("id" integer NOT NULL PRIMARY KEY AUTOINCREMENT, "photo" varchar(100) NOT NULL, "news_id" bigint NOT NULL REFERENCES "main_news" ("id") DEFERRABLE INITIALLY DEFERRED);
INSERT INTO main_newsphotos VALUES(1,'uploads/news/d5135ce64e31398fdbf8752634ae5d19_Zts2zgk.png',1);
INSERT INTO main_newsphotos VALUES(2,'uploads/news/e07dcb68262bd05d5ee1ff9e25e2332d.png',1);
INSERT INTO main_newsphotos VALUES(3,'uploads/news/chart.png',1);
INSERT INTO main_newsphotos VALUES(4,'uploads/news/d5135ce64e31398fdbf8752634ae5d19_dp3vu1c.png',2);
INSERT INTO main_newsphotos VALUES(5,'uploads/news/e07dcb68262bd05d5ee1ff9e25e2332d_7Kefup1.png',2);
INSERT INTO main_newsphotos VALUES(6,'uploads/news/chart_PWMPklc.png',2);
INSERT INTO main_newsphotos VALUES(7,'uploads/news/c5abdb8740fc8c5ff436878d0f3e0e40.png',2);
CREATE TABLE IF NOT EXISTS "personal_customer" ("id" integer NOT NULL PRIMARY KEY AUTOINCREMENT, "birth_date" date NULL, "phone_number" varchar(63) NULL, "photo" varchar(100) NULL, "cart" text NULL CHECK ((JSON_VALID("cart") OR "cart" IS NULL)), "favourites" text NULL CHECK ((JSON_VALID("favourites") OR "favourites" IS NULL)), "user_id" integer NOT NULL UNIQUE REFERENCES "auth_user" ("id") DEFERRABLE INITIALLY DEFERRED);
INSERT INTO personal_customer VALUES(1,'2000-12-23','+7 (123) 333 33-33','',NULL,NULL,1);
INSERT INTO personal_customer VALUES(4,'2000-12-20','+7 (983) 313 70-82','',NULL,NULL,4);
INSERT INTO personal_customer VALUES(5,'2000-10-28','+7 (377) 474 74-84','',NULL,NULL,5);
INSERT INTO personal_customer VALUES(6,'2006-09-12','+7 (809) 798 78-97','',NULL,NULL,6);
INSERT INTO personal_customer VALUES(7,'1999-12-11','+7 (967) 967 96-79','',NULL,NULL,7);
INSERT INTO personal_customer VALUES(8,'1999-11-11','+7 (942) 191 24-91','',NULL,NULL,8);
INSERT INTO personal_customer VALUES(9,'1984-08-13','+7 (999) 211 74-33','',NULL,NULL,9);
INSERT INTO personal_customer VALUES(10,'1999-10-19','+7 (999) 123 12-31','',NULL,NULL,10);
INSERT INTO personal_customer VALUES(11,'1999-10-19','+7 (996) 659 95-66','',NULL,NULL,11);
INSERT INTO personal_customer VALUES(12,'1990-07-15','+7 (888) 888 22-21','',NULL,NULL,12);
INSERT INTO personal_customer VALUES(13,NULL,NULL,'',NULL,NULL,13);
CREATE TABLE IF NOT EXISTS "django_session" ("session_key" varchar(40) NOT NULL PRIMARY KEY, "session_data" text NOT NULL, "expire_date" datetime NOT NULL);
INSERT INTO django_session VALUES('r52i9gz0tnftqw3kr0fzsrnz9swxmi9x','.eJxVjEEOgjAQRe8ya9LQUhhk6Z4TGEPa6VRQQ5O2uCHcXUhY6Pa_998Kg1nyOCyJ4zA56EBC8btZQy-eD-CeZn4EQWHOcbLiUMRJk-iD4_f1dP8Co0nj_lbcEnkqkStGJqxKrQxXhI1UF9Wwsy0r1FJ7cl43tVTa1shcO9TeK9yjZGKGbt0K8OYTljhlTtDd7tsXH-FBNQ:1tKXq0:YplVKYqfaGeFu3lf9uswZiIoCtFKeAElNx7stdf1E1Y','2024-12-23 07:05:48.697551');
INSERT INTO django_session VALUES('yzaebf9xv38stigdcngfu2t08b3e9sly','.eJxVjMsOwiAUBf-FtSFwKdi6dO83kPsAqRqalHZl_HfbpAvdzsw5bxVxXUpcW5rjKOqiOnX6ZYT8THUX8sB6nzRPdZlH0nuiD9v0bZL0uh7t30HBVrZ1EEjgDfcOJJicwSF5m4dshEMHTCR4zo4Gy2wBTHCQrHEofQob8urzBfE8OD8:1tKGwc:09KFzSJJNy13kOIHyNBhyundC6kQaai5_awhyCCbh74','2024-12-22 13:03:30.022999');
INSERT INTO django_session VALUES('hlnkb7zci30lp920k62qfk3c1akkqsb2','.eJxVjMsOwiAUBf-FtSFwKdi6dO83kPsAqRqalHZl_HfbpAvdzsw5bxVxXUpcW5rjKOqiOnX6ZYT8THUX8sB6nzRPdZlH0nuiD9v0bZL0uh7t30HBVrZ1EEjgDfcOJJicwSF5m4dshEMHTCR4zo4Gy2wBTHCQrHEofQob8urzBfE8OD8:1tKGxV:7emeqNjGVXH47nPCUP9Fop7o745cbex8RWJqSFDwu9w','2024-12-22 13:04:25.885862');
INSERT INTO django_session VALUES('3xwflscfmz8h8ljykpzhlcyn25y19tgw','eyJmYXZvdXJpdGVzIjpbXSwiY2FydCI6eyIxIjoxfX0:1tKWwd:8u-HVxlX-VViTnMQX0HXDlVHlbTKXHkCzgxjTQVGpbg','2024-12-23 06:08:35.907363');
INSERT INTO django_session VALUES('bki3wqi4037ynzgq82fyragm5vdwddjb','eyJmYXZvdXJpdGVzIjpbXX0:1tKX9r:A-VFwh88VCv-lRBxi0VphTa6VW--oOEflVM0F0Rzfyc','2024-12-23 06:22:15.155591');
INSERT INTO django_session VALUES('nlwvb6643a4ixv89h0r978dy3icjqjbs','.eJxVjMEOgyAQBf9lz4a4gIIce-8XNI1ZAattAwlgL8Z_ryZevM7MeyuM9ItLmovPYB74rMBSKmBWEGBwq6CnpUz9kn3qZwcGGriwgezHh0O4N4VXZDaGkuaBHQk7bWb36Pz3draXg4nydKy145633HVKYYdOSSmF2qnVmupWiHEkq3FAlI1u9raTiPt97aiWinPY_j1xQUk:1tKXGy:vhUJY1BCzvUCzTty7UG681qQ-ZGM9Az2CtH5rnixqLU','2024-12-23 06:29:36.242643');
INSERT INTO django_session VALUES('asv4mc3uksb8zc36q0ot213uo6edrf4n','eyJjYXJ0Ijp7IjMiOjEsIjEiOjEsIjUiOjF9LCJmYXZvdXJpdGVzIjpbXX0:1tKXxZ:5GhPNVUV5NHZT31GUIw6V6UGDyUPg56xyAyT3YwdKbc','2024-12-23 07:13:37.766254');
INSERT INTO django_session VALUES('6phxubvsdkv7i8fwkrz8ctkbwxxwp0ml','.eJxVjDsOwyAYg-_CXKES3hm75wzo51XSViAFMkW5e0HK0Mry4s_2gQzsLZm9hs2sHs1IottvZsG9Qx7AvyA_C3Ylt221eFTwRSteig-fx9X9O0hQU19zSR1QFoATzSehxb3bSx-k9dFGJjShSlngTkYiJhWsJtAlmCJOwjh1sDU0H-f5BRP1OwU:1tKYaQ:OGFhfLU9bY5jXhMJ5gbpr2kaFiNuuYGDaSTfsNwnTPA','2024-12-23 07:53:46.844506');
INSERT INTO django_session VALUES('xqg94ica9xni477jaarbuoudrqrcb2rt','.eJxVjEEOgyAQRe8ya2OggArL7nuCpjEDw1TbRhLBbox3b03cuP3vvb8C4zct81hiBndXjwoCzgXcCgac3CrocSlDv-Q49yOBgw5Om8fwjtMO6IXTM9UhTWUefb0r9UFzfUsUP9fDPR0MmId_rbpgMJAnsjZyIxUaGbSWhiwLraJklMwkLpINeWyVZaO0Vq0RbIVqYPsBdShCEg:1tL35d:rG_Zro3vPKCpxddZIAvV99e02nP2SEO81Fla8CwYxjA','2024-12-24 16:28:01.209967');
INSERT INTO django_session VALUES('2xzdbj9dh4cfwkublfjinm16r99j9czb','eyJmYXZvdXJpdGVzIjpbM10sImNhcnQiOnsiNSI6MX19:1tKdJX:dmiHKgDn3mDz6eZQVdyv03WpYbRj3_y1OtWUsSqTy5A','2024-12-23 12:56:39.385024');
INSERT INTO django_session VALUES('hn2uw22gdq6p67vhl0qthgrlblvn3lco','eyJmYXZvdXJpdGVzIjpbXX0:1tKe3D:2Zc2sjdvZIx1Q5fHUnJ2eoxCE8YFndDrOIyD6PFNCXM','2024-12-23 13:43:51.259599');
INSERT INTO django_session VALUES('pl13zc4jyfksv40lks0l1ge18myn44ue','eyJmYXZvdXJpdGVzIjpbMl0sImNhcnQiOnsiMSI6MSwiNCI6MX19:1tL2nC:rbisQdvm1CJtBofjtipoI3Cpj7EvtlYz4K-MokpTcRc','2024-12-24 16:08:58.127236');
INSERT INTO django_session VALUES('vlmxc8jhcidbgf1pgir81hzdazfa6byl','eyJmYXZvdXJpdGVzIjpbXX0:1tL2VV:K1QJzZumKj2SdwYpII5mT243oxxgcx1WF9lwkxD0RRk','2024-12-24 15:50:41.780033');
INSERT INTO django_session VALUES('cfrny3ou6wkx72texaxttzlacmjji4v5','.eJxVjMsOgjAQRf9l1qbpa1ph6d4vMIb0MSOooQkFN8Z_FxI2bO85536Bw6cs0zBThfZ2P0EXlrnvlkpTN2RooYHDFkN60biB_Azjo4hUxnkaotgUsdMqriXT-7K7h4M-1H6tZUJlZNLIqFl703BAtFErsmhtJBnZGnZeZmSnjDlHTV6pBlfgpPPw-wPD2DyF:1tL2nl:wSTuTa7TpWhpjQqm_trIgYT8WRowOUuQJ2GUQIGoZPI','2024-12-24 16:09:33.476421');
INSERT INTO django_session VALUES('mcdcjdf23k1haum4qw45suflau76ijqq','eyJjYXJ0Ijp7fSwiZmF2b3VyaXRlcyI6WzIsM119:1tL2xi:SQ_5sDnEuBTxGuirtXGpBcdvfrJ1Gr1ONZ01qBMK1qk','2024-12-24 16:19:50.748382');
INSERT INTO django_session VALUES('a6pl9a2kmzey46vri6goqeztpf3t0ck7','eyJmYXZvdXJpdGVzIjpbMl19:1tL33p:xQX-iuKrUrTbAnia7hJAoZc5r9PrDAKArXjOcJFrsJE','2024-12-24 16:26:09.088317');
INSERT INTO django_session VALUES('v3h6obsuh20bdxknzit8zcb4xjxhkint','.eJxVjEEOgyAQRe8y64YAQgCX3fcEpjEzA1bbRhLQbprevZq4cfvfe_8LA37yWqYlVWg7fb9Aj-sy9mtNpZ8itKAknEZCfqV5J_GJ8yMLzvNSJhK7Ig5axS3H9L4e7ulgxDputUfrPKPUrBotWaLmYIwKQblkDAZth8ZGouAsKk2-IY_GbooNikk6-P0BDxc85A:1tL38r:Lr4C1QO-8VmkKdLDM6KlNQ5xL1UUHSknwrx-TztdHzM','2024-12-24 16:31:21.675945');
INSERT INTO django_session VALUES('s4fuk5asu92rhwwlklkuf42vn0zgymcd','.eJxVjEEOwiAQRe_C2hCmBSxduvcExjRTmJGqgQRaN8a72yZd6Pa_999bDLjMcVgqlWEKohcA4vA7jugflDYS7phuWfqc5jKNclPkTqs850DP0-7-BSLWuL7RKYVaMzRjCNxYAs_e6o5b449AjrVyjpTriIGCYU9AbA2zawmVtWuU8ZWXMs1URX-5fr7hKD6y:1tL3A5:zsf_hd3m5Zi74jOkGmoo6wyNeNTKHlTuzbs-XoAUYK4','2024-12-24 16:32:37.952097');
INSERT INTO django_session VALUES('yf3qaazkcu7c7c22vxm2x2nxhji5utwr','eyJmYXZvdXJpdGVzIjpbXX0:1tLQ24:6PrSpBr5rHvbsYYPh9HCDrkyANUYOQdStzKlcpcp9Ys','2024-12-25 16:57:52.278740');
INSERT INTO django_session VALUES('0587us2v8dwmxu7ddul6z20dps9zg6cj','.eJxVjEEOwiAQRe_C2hAoDAMu3XsGMjAgVdMmpV0Z765NutDtf-_9l4i0rS1uvSxxZHEW2ojT75goP8q0E77TdJtlnqd1GZPcFXnQLq8zl-flcP8OGvX2rY2CgICsvR642hwQtQLyQSOFAta7EgYwiZxBTAhWcahQC7NDyDaJ9wfSbTc8:1tLoww:qaEytv44s5xj0JDEs__E1SnK4C4D6Q38aXBY3OAPSqc','2024-12-26 19:34:14.513109');
INSERT INTO django_session VALUES('qvr1zosbtokhmx7f52agkmpgvmby1wtl','.eJxVjEEOwiAQRe_C2hAoDAMu3XsGMjAgVdMmpV0Z765NutDtf-_9l4i0rS1uvSxxZHEW2ojT75goP8q0E77TdJtlnqd1GZPcFXnQLq8zl-flcP8OGvX2rY2CgICsvR642hwQtQLyQSOFAta7EgYwiZxBTAhWcahQC7NDyDaJ9wfSbTc8:1tLp5n:Eo4pw0-bUL9Cm7Uy9oeK09RuDEE9IDZmDuZ5olKMSsQ','2024-12-26 19:43:23.451869');
INSERT INTO django_session VALUES('y8qmpn2bftf0s4fgfbuawkq2km27iymx','eyJmYXZvdXJpdGVzIjpbXX0:1tLpxz:PKx71IbL_QrIUN7uNQgH-i-iMvkPjyXjWmREAvAWckU','2024-12-26 20:39:23.339958');
INSERT INTO django_session VALUES('cmbkvfa6jlixuhvb8egm69gt0jp7hvb2','eyJmYXZvdXJpdGVzIjpbXX0:1tLpy8:VFIMJnF0aRPV1dTmMbeofr0YxiP_XQ8N01RrWgaAP2A','2024-12-26 20:39:32.344618');
INSERT INTO django_session VALUES('mcw4t7nha84es0t8vt9203tyvsgn76pp','eyJmYXZvdXJpdGVzIjpbXX0:1tMnHB:h-_2f7C8YLePGtv-OLENnJzlQetL4KTzj3etHDx-JAs','2024-12-29 11:59:09.491729');
INSERT INTO django_session VALUES('tahx4awxz2igvz1yq908q2t4hu8uxrpe','eyJmYXZvdXJpdGVzIjpbXX0:1tMoQ6:khtBADDgzQhKyGpHKgiuTn4v0DZ0iofW0finThRPYA0','2024-12-29 13:12:26.221699');
INSERT INTO django_session VALUES('ccwrv1mbdyx2zy0i2168kal2nox6c85n','eyJmYXZvdXJpdGVzIjpbXX0:1tMv6S:eW9miz7_Me5HB0K7FeTTvNm3Kxwughhzi2tc89n-NrM','2024-12-29 20:20:36.483524');
INSERT INTO django_session VALUES('7aewwzwtx6z3fs33g5sna6sb5mmwnrk6','eyJmYXZvdXJpdGVzIjpbXX0:1tMvkf:028JfC6BahLQ4QKtDfwtwE8ztkXWqoeuyCSJ--QUPMg','2024-12-29 21:02:09.957897');
INSERT INTO django_session VALUES('6lmoanpw7kxkvdu6qmomg4eijov92i3c','eyJmYXZvdXJpdGVzIjpbXX0:1tMwuu:q94NWfNX_Ryi1my6pJrtjTxzbgBWojswhp2CP3rXVZk','2024-12-29 22:16:48.200290');
INSERT INTO django_session VALUES('7uwwz1avk4rrn0gplyabisbcemw58jbo','eyJmYXZvdXJpdGVzIjpbXX0:1tN87H:FVbcSpwyCMcxOkFafNWxCMSC1QkkBlkGOVGfkLEv0Sw','2024-12-30 10:14:19.223272');
INSERT INTO django_session VALUES('idw7uouim5lylskawyjpotygk6ly9gjn','eyJmYXZvdXJpdGVzIjpbXX0:1tN9Cu:CPR7gA66BojGFpTBfVEdOMq0rBx9SnXUyItj0yCk3hY','2024-12-30 11:24:12.811787');
INSERT INTO django_session VALUES('qol1c8c5hxztk4bgub38xgfbkxwepcrq','eyJmYXZvdXJpdGVzIjpbXX0:1tOKTt:NsRbaYqV4hLe3E58604ZRAXnDVf-7EB-O4ubi4tVKs8','2025-01-02 17:38:37.038958');
INSERT INTO django_session VALUES('jt2lme2jvp1ut0twylykj4brp9ttgoku','eyJmYXZvdXJpdGVzIjpbXX0:1tObdm:NcfenJQ_-GAYGHiM0fS2-crhYata3KZra3dit60qA7Y','2025-01-03 11:57:58.688709');
INSERT INTO django_session VALUES('u7bpal4qs66jsv03f7g8zuiqvg7p3nw3','eyJmYXZvdXJpdGVzIjpbXX0:1tOipE:Xih6OOyGTf-yYQoPFGDool3ls7apQJSqwFTLaroSlNI','2025-01-03 19:38:16.041458');
INSERT INTO django_session VALUES('lqtfikwq3q6hrf7xe4jcnpui3waolnze','eyJmYXZvdXJpdGVzIjpbXX0:1tOkvN:IdRI9VQbc7GtSLqZ2iq0_KFGJtBskqmj777UtSZwd6U','2025-01-03 21:52:45.056041');
INSERT INTO django_session VALUES('p72uy0km8yur0cvfsb096ur8th0du239','eyJmYXZvdXJpdGVzIjpbXX0:1tOn3f:lbW1Wb_L74Q9KA5hoP5yfbThCc0lPiyVJiFIkcgX_qU','2025-01-04 00:09:27.243534');
INSERT INTO django_session VALUES('j03eg53om09ceevck3oqfe38xecuci1y','eyJmYXZvdXJpdGVzIjpbXX0:1tOrGj:IFdq9LQI3Ag-Y5UNpFA74KuO9CymT3QKKVzTf6ZeMbU','2025-01-04 04:39:13.468928');
INSERT INTO django_session VALUES('5d0osnqj92b74wjew6pd5xuum5xm5r4s','eyJmYXZvdXJpdGVzIjpbXX0:1tOv87:YUPB-cVHY0BIblTEOYSSdRKdXfVV-nGEwaJyWTwguQs','2025-01-04 08:46:35.910789');
INSERT INTO django_session VALUES('yg2ign4qsl6cbcp8ro90emxowv81nhhu','eyJmYXZvdXJpdGVzIjpbXX0:1tOvF4:Ig11Gr8ahiHOjYX1h4uiKLMxvjj1f6j_QHqwpr1KOVY','2025-01-04 08:53:46.586463');
INSERT INTO django_session VALUES('0jmgc0u66t4xj0uggj44b7t7hgiwqkav','eyJmYXZvdXJpdGVzIjpbXX0:1tOw7r:6pzt7j10gePZVmv_nkaBtWHtP3GWjCIpaOX60bbEFrY','2025-01-04 09:50:23.443409');
INSERT INTO django_session VALUES('cd7smen1puw2ygtaa0i62y1h9g14ja6e','eyJmYXZvdXJpdGVzIjpbXX0:1tP6Ec:oYmk591kt2zyRbjq8PlZ7mlzPVnW5EoiTiAXrSJHTNo','2025-01-04 20:38:02.298038');
INSERT INTO django_session VALUES('83bm7iqeepeio7ca6233t72z857k6nbe','eyJmYXZvdXJpdGVzIjpbXX0:1tPJrE:EgblYuI3RPr5D0L3xtpvOqcAswzR-7PnUQ2re46GRlk','2025-01-05 11:10:48.766356');
INSERT INTO django_session VALUES('zcqdkmo9lx93rvr1u4x8xfcjiuha2of0','eyJmYXZvdXJpdGVzIjpbXX0:1tPPt9:L0U-47DBCmN0oXr8tfV19rwWnKi0lUCp3Zxv09jcfNo','2025-01-05 17:37:11.620633');
INSERT INTO django_session VALUES('w216nruk5y0t3fs3hap7za8ug5fqajrj','eyJmYXZvdXJpdGVzIjpbXX0:1tPXCz:uLTKyGnFc1xsRJfa_jRE-mdBlRdRwt4xrGPva3GM0Ro','2025-01-06 01:26:09.532025');
INSERT INTO django_session VALUES('ygkuvr95m1c923ujw2dln12sbyz6qui0','eyJmYXZvdXJpdGVzIjpbXX0:1tRsvY:0KnzBOFiCkhS-JxOO0roIb1ijXHyNUh7t16vamtvf3U','2025-01-12 13:01:52.084065');
INSERT INTO django_session VALUES('ecrvq74ne447ladnwzsyxxt83va82lqy','eyJmYXZvdXJpdGVzIjpbXX0:1tS1HV:wParnAPiSm_dDEuNBFhSI5RcJrhHPwcOHKFzfWojQ7w','2025-01-12 21:57:05.470251');
INSERT INTO django_session VALUES('y4rzj10wh8x4a0i9aptwulbsr74aycgm','eyJmYXZvdXJpdGVzIjpbXX0:1tS5E5:5ssWYkq281Gs3l4gCI-PW6qeIvIkkOQBStP5rmvFFRE','2025-01-13 02:09:49.064666');
INSERT INTO django_session VALUES('qipy21ujs8uby3h1yokpqu6pde1bdkei','eyJmYXZvdXJpdGVzIjpbXX0:1tSKN8:YczyGSjjHoL8sYm6V-iGhzPit5dJsAAnA44WFn-Cp9g','2025-01-13 18:20:10.267215');
INSERT INTO django_session VALUES('x26gfgg5ih0gc400o3i30c6r2c4popqu','eyJmYXZvdXJpdGVzIjpbXX0:1tSKfh:UW3c9MufZrJ9MA1kgQ8sq81c0K4_GgvL9J6MUXyuR-c','2025-01-13 18:39:21.946277');
INSERT INTO django_session VALUES('27riqh8worqxspad17ph754mh33pccu1','eyJmYXZvdXJpdGVzIjpbXX0:1tSPg2:Xmh54fYv-eE802qNelFs-MKTmiLxCq2BaUQfvt_uVSo','2025-01-14 00:00:02.480512');
INSERT INTO django_session VALUES('bjv72w882ztyn9j1nld1lhtd3wa3827p','eyJmYXZvdXJpdGVzIjpbXX0:1tShdr:0TQ3Z4DQIfgR5KcandzCok8Sovrbw-2q0sNDSKIvh98','2025-01-14 19:10:59.691893');
INSERT INTO django_session VALUES('no8ehkk82f1eyowvruanx3yz81osjomv','eyJmYXZvdXJpdGVzIjpbXX0:1tSmaq:cNH7pCRoH_5IHYIRfF6xXXYrXon18ThfVje2bZVJVVk','2025-01-15 00:28:12.087036');
INSERT INTO django_session VALUES('3de0wdmxnvua2vqipcqstjdlpztp2vmx','eyJmYXZvdXJpdGVzIjpbXX0:1tSql6:pAElJA7CyfQyv0Ej9hzaktJmT79rLGF5sAFh6T-ePBI','2025-01-15 04:55:04.682550');
INSERT INTO django_session VALUES('no6b4bsuy01ykom67l7parr0rabrerny','eyJmYXZvdXJpdGVzIjpbXX0:1tT9cv:iXXStkFMtC_pyofzEhXK7t3wwycecnlStvCCruvJVJo','2025-01-16 01:03:53.683541');
INSERT INTO django_session VALUES('s98pbhv3t91q1mdpmlmgdmyvltymeb1v','eyJmYXZvdXJpdGVzIjpbXX0:1tUjkY:sMOuB3yIqxQVqhAdqIinEkVAfMLr3oAZM-Fb6JbfIXM','2025-01-20 09:50:18.632845');
INSERT INTO django_session VALUES('85f7q8sup6qzjt5z6p6cqbj8ipo4m0ja','eyJmYXZvdXJpdGVzIjpbXX0:1tVEzd:U7W-gVjUChVMRat4R8_dH0yp5bUbC3b_oxNKcxHh-mU','2025-01-21 19:11:57.249676');
INSERT INTO django_session VALUES('um3fdg9wdy8jjup6eewuf0dwxy8g0rd2','eyJmYXZvdXJpdGVzIjpbXX0:1tVGpV:RYt01te-ipho94ZqvKWmss2nWh7KnA9ZWC0xn-POIuI','2025-01-21 21:09:37.952195');
INSERT INTO django_session VALUES('a9yhkj8511tdy5npnqbh9xqzdeqnjej4','eyJmYXZvdXJpdGVzIjpbXX0:1tVP5d:CF4IhMMUuAIH1EYV2EZmg_ymd-uSgpwjRNGvIcLf7Z8','2025-01-22 05:58:49.227764');
INSERT INTO django_session VALUES('3wru0xob9uokdcodtvdxc6wcjvjjon5x','eyJmYXZvdXJpdGVzIjpbXX0:1tVUDt:nmgP8rNqsHXkc0GXWhFcC86CodsRkRSNPOEmMEtczKQ','2025-01-22 11:27:41.857519');
INSERT INTO django_session VALUES('rcatddxrts578u60b71arcx4ssvbilq8','eyJmYXZvdXJpdGVzIjpbXX0:1tVskI:2DYZ-krnRC3L6KHDh4gA3lRCA96zgpr49W96DiEHzhg','2025-01-23 13:38:46.198352');
INSERT INTO django_session VALUES('rbxwep28f043dbdzo8igahb9ec63d92f','eyJmYXZvdXJpdGVzIjpbXX0:1tW1Ss:ivIhIcTLQEEpnPCGtAi5dVzhE377fKst3zKDKAxSjNU','2025-01-23 22:57:22.347108');
INSERT INTO django_session VALUES('hqvgtduo4aoliwk6t4l5pfwk71ghrsd9','eyJmYXZvdXJpdGVzIjpbXX0:1tW3vT:SXcydCdTCiWFSLkHFoEHgahU5D0iTKfSf9cblp37O2I','2025-01-24 01:35:03.852532');
INSERT INTO django_session VALUES('jnqew0qsdx8c3trj35197ahupkb2hg9u','eyJmYXZvdXJpdGVzIjpbXX0:1tXIB9:UVq0C-o9wzgL618dcO_UiI7WaPQU1q-qbZR6oICjF3I','2025-01-27 11:00:19.433523');
INSERT INTO django_session VALUES('6zpop72bmpgtyvy8kl78i5xt76j3rdjr','eyJmYXZvdXJpdGVzIjpbXX0:1tXJMB:F2KVPfyzKzj8lPlqM9jjYpUoDxOAcvvXiA3fzPFtp0w','2025-01-27 12:15:47.071676');
INSERT INTO django_session VALUES('tbe0ia7v2wnhq9o6pzund3uamg6rz7mr','.eJxVjEEOwiAQRe_C2hAoDAMu3XsGMjAgVdMmpV0Z765NutDtf-_9l4i0rS1uvSxxZHEW2ojT75goP8q0E77TdJtlnqd1GZPcFXnQLq8zl-flcP8OGvX2rY2CgICsvR642hwQtQLyQSOFAta7EgYwiZxBTAhWcahQC7NDyDaJ9wfSbTc8:1tY2G9:-OG0Da8qGBc-dWVdVLMq1nr2S0P-iQWNS_04K-iJRGI','2025-01-29 12:12:33.881357');
INSERT INTO django_session VALUES('1odtxbt5sq69mlelkptvi7jvux833mmm','.eJxVjEEOgjAQRe_StWko7TDUpXtPYAyZdqaCGppQcGO8u5Cw0O1_77-36miZ-24pMnUDq6MyVh1-x0DxIeNG-E7jLeuYx3kagt4UvdOiz5nledrdv0BPpV_ftgKPgGxaU3Ny0SOaCqj1BskLuLYRX4MN1FjEgOAq9gmSMDcI0YU1muiVl2mYpajj5fr5AnO9POY:1tY2Oi:DUFifsA0WzGDvSQGnFGAWQB4ibKgc4_Py5ryTPBb3u4','2025-01-29 12:21:24.021307');
INSERT INTO django_session VALUES('i91rauj9g8uta3r4pvz3m69d7v66c04r','.eJxVjEEOwiAQRe_C2hAoDAMu3XsGMjAgVdMmpV0Z765NutDtf-_9l4i0rS1uvSxxZHEW2ojT75goP8q0E77TdJtlnqd1GZPcFXnQLq8zl-flcP8OGvX2rY2CgICsvR642hwQtQLyQSOFAta7EgYwiZxBTAhWcahQC7NDyDaJ9wfSbTc8:1tY2YT:uPWVI0GE0744Tm3MiL4vlTvlGNarFOs-8MqnC5u1lvY','2025-01-29 12:31:29.058252');
CREATE TABLE IF NOT EXISTS "catalog_producttype" ("id" integer NOT NULL PRIMARY KEY AUTOINCREMENT, "name" varchar(127) NOT NULL, "color_id" bigint NULL REFERENCES "catalog_color" ("id") DEFERRABLE INITIALLY DEFERRED, "material_id" bigint NULL REFERENCES "catalog_material" ("id") DEFERRABLE INITIALLY DEFERRED, "size_id" bigint NULL REFERENCES "catalog_size" ("id") DEFERRABLE INITIALLY DEFERRED, "price" integer NOT NULL, "product_id" bigint NOT NULL REFERENCES "catalog_product" ("id") DEFERRABLE INITIALLY DEFERRED, "photo" varchar(100) NOT NULL, "left" integer NOT NULL);
INSERT INTO catalog_producttype VALUES(1,'Красная куртка',1,1,1,30000,1,'uploads/catalog/% Y/% m/% d/AG0179-_2_.jpg',10);
INSERT INTO catalog_producttype VALUES(2,'Желтая куртка',2,2,2,20000,1,'uploads/catalog/% Y/% m/% d/93i4nk72jgixhiv2a2ro5gpl1vrh9tp8.jpg',5);
INSERT INTO catalog_producttype VALUES(3,'Тестовая куртка 2 желтая',2,3,1,30000,2,'',10);
INSERT INTO catalog_producttype VALUES(4,'Тестовая куртка 2 синяя',3,2,3,20000,2,'',20);
INSERT INTO catalog_producttype VALUES(5,'Тестовая куртка 3 123',2,1,2,2222,3,'',6);
INSERT INTO catalog_producttype VALUES(6,'Тестовая куртка 3 321',3,2,3,11111,3,'',11);
INSERT INTO catalog_producttype VALUES(7,'Тестовое платье 412',2,2,2,4444,4,'uploads/catalog/images_2.jpg',112);
INSERT INTO catalog_producttype VALUES(8,'Тестовое платье 51251',3,3,3,5555,4,'uploads/catalog/радостная-красивая-женщина-стоит-в-кроссовках-и-наряженное-синее-248051721.webp',41);
INSERT INTO catalog_producttype VALUES(9,'Тестовое платье 2 512',3,1,2,5124,5,'uploads/catalog/olga-alekseeva-2006-1.webp',124);
INSERT INTO catalog_producttype VALUES(10,'Тестовое платье 2 2151',2,3,3,77651,5,'uploads/catalog/images_3.jpg',45);
INSERT INTO catalog_producttype VALUES(12,'sss',1,1,2,552352,7,'uploads/catalog/g4_NgfjOhu.jpg',0);
CREATE TABLE IF NOT EXISTS "catalog_collections" ("id" integer NOT NULL PRIMARY KEY AUTOINCREMENT, "name" varchar(127) NOT NULL, "photo" varchar(100) NOT NULL);
INSERT INTO catalog_collections VALUES(1,'Куртки','uploads/catalog/1.jpg');
INSERT INTO catalog_collections VALUES(2,'Платья','uploads/catalog/g6.jpg');
CREATE TABLE IF NOT EXISTS "catalog_product" ("id" integer NOT NULL PRIMARY KEY AUTOINCREMENT, "name" varchar(127) NOT NULL, "description" text NULL, "show_on_main_page" bool NOT NULL, "big_image" bool NOT NULL, "photo" varchar(100) NOT NULL, "collection_id" bigint NULL REFERENCES "catalog_collections" ("id") DEFERRABLE INITIALLY DEFERRED, "price" integer NOT NULL);
INSERT INTO catalog_product VALUES(1,'Тестовая Куртка','Очень классная куртка',1,1,'uploads/catalog/% Y/% m/% d/короткая_женск_черн0643.webp',1,0);
INSERT INTO catalog_product VALUES(2,'Тестовая куртка 2','"But I must explain to you how all this mistaken idea of denouncing pleasure and praising pain was born and I will give you a complete account of the system, and expound the actual teachings of the great explorer of the truth, the master-builder of human happiness. No one rejects, dislikes, or avoids pleasure itself, because it is pleasure, but because those who do not know how to pursue pleasure rationally encounter consequences that are extremely painful. Nor again is there anyone who loves or pursues or desires to obtain pain of itself, because it is pain, but because occasionally circumstances occur in which toil and pain can procure him some great pleasure. To take a trivial example, which of us ever undertakes laborious physical exercise, except to obtain some advantage from it? But who has any right to find fault with a man who chooses to enjoy a pleasure that has no annoying consequences, or one who avoids a pain that produces no resultant pleasure?"',1,0,'uploads/catalog/istockphoto-136568907-612x612.jpg',1,0);
INSERT INTO catalog_product VALUES(3,'Тестовая куртка 3','"At vero eos et accusamus et iusto odio dignissimos ducimus qui blanditiis praesentium voluptatum deleniti atque corrupti quos dolores et quas molestias excepturi sint occaecati cupiditate non provident, similique sunt in culpa qui officia deserunt mollitia animi, id est laborum et dolorum fuga. Et harum quidem rerum facilis est et expedita distinctio. Nam libero tempore, cum soluta nobis est eligendi optio cumque nihil impedit quo minus id quod maxime placeat facere possimus, omnis voluptas assumenda est, omnis dolor repellendus. Temporibus autem quibusdam et aut officiis debitis aut rerum necessitatibus saepe eveniet ut et voluptates repudiandae sint et molestiae non recusandae. Itaque earum rerum hic tenetur a sapiente delectus, ut aut reiciendis voluptatibus maiores alias consequatur aut perferendis doloribus asperiores repellat."',1,0,'uploads/catalog/images_1.jpg',1,0);
INSERT INTO catalog_product VALUES(4,'Тестовое платье','"On the other hand, we denounce with righteous indignation and dislike men who are so beguiled and demoralized by the charms of pleasure of the moment, so blinded by desire, that they cannot foresee the pain and trouble that are bound to ensue; and equal blame belongs to those who fail in their duty through weakness of will, which is the same as saying through shrinking from toil and pain. These cases are perfectly simple and easy to distinguish. In a free hour, when our power of choice is untrammelled and when nothing prevents our being able to do what we like best, every pleasure is to be welcomed and every pain avoided. But in certain circumstances and owing to the claims of duty or the obligations of business it will frequently occur that pleasures have to be repudiated and annoyances accepted. The wise man therefore always holds in these matters to this principle of selection: he rejects pleasures to secure other greater pleasures, or else he endures pains to avoid worse pains."',1,0,'uploads/catalog/славная-модель-в-всходе-студии-26630677.webp',2,0);
INSERT INTO catalog_product VALUES(5,'Тестовое платье 2','"Lorem ipsum dolor sit amet, consectetur adipiscing elit, sed do eiusmod tempor incididunt ut labore et dolore magna aliqua. Ut enim ad minim veniam, quis nostrud exercitation ullamco laboris nisi ut aliquip ex ea commodo consequat. Duis aute irure dolor in reprehenderit in voluptate velit esse cillum dolore eu fugiat nulla pariatur. Excepteur sint occaecat cupidatat non proident, sunt in culpa qui officia deserunt mollit anim id est laborum."',1,0,'uploads/catalog/istockphoto-492462644-612x612.jpg',2,0);
INSERT INTO catalog_product VALUES(6,'Рубашка ANTONELLI FIRENZE тестовая','Лаконичная белоснежная рубашка сможет найти общий язык с вещами как из повседневного, так и из офисного или нарядного гардероба, например, с черным костюмом для особого случая. Для пошива изделия с нагрудными накладными карманами и длинными рукавами мастера дома Antonelli Firenze использовали тонкий струящийся вискозный атлас. Переливающаяся гладкая ткань с нитям шелка в составе нежно скользит по коже и почти не ощущается на теле. Чтобы полуприталенная модель комфортнее садилась по фигуре, сзади предусмотрели бантовую складку.',0,0,'uploads/catalog/g4.jpg',2,57330);
INSERT INTO catalog_product VALUES(7,'Костюм из шерсти, шёлка и кашемира','Главный акцент в дизайне костюма благородного оттенка айвори сосредоточен на трикотаже. Для производства ткани использовался премиальный состав из смеси мягкой теплой шерсти и нежнейшего baby-кашемира, укрепленные волокнами шелка. Джемпер отличается удлиненной спинкой с боковыми разрезами и крупной вязкой по краям, а брюки - струящимся свободным силуэтом, сохраняющим простор движений.',0,0,'uploads/catalog/g2.jpg',2,101430);
CREATE TABLE IF NOT EXISTS "main_shops" ("id" integer NOT NULL PRIMARY KEY AUTOINCREMENT, "name" varchar(127) NOT NULL, "address" varchar(255) NOT NULL, "phone" varchar(127) NOT NULL, "photo" varchar(100) NOT NULL, "shop_type" varchar(127) NOT NULL);
INSERT INTO main_shops VALUES(1,'Тестовый ТЦ','Адрес тестового ТЦ','8 913 123 45 67','uploads/shop/d5135ce64e31398fdbf8752634ae5d19.png','Торговые центры');
INSERT INTO main_shops VALUES(2,'Тестовый аутлет','адрес адрес тествый аутлет кв 24','8 987 654 32 19','uploads/shop/e07dcb68262bd05d5ee1ff9e25e2332d.png','Аутлеты');
INSERT INTO main_shops VALUES(3,'Тестовый корнер','Ленина 12 д 4512 кв 24','8 763 324 42 12','uploads/shop/chart.png','Корнеры');
INSERT INTO main_shops VALUES(4,'Тестовый аутлет 2','Площадь ленина 412','8 782 412-42-14','uploads/shop/chart_NzcRcfk.png','Аутлеты');
CREATE TABLE IF NOT EXISTS "main_news" ("id" integer NOT NULL PRIMARY KEY AUTOINCREMENT, "name" varchar(127) NOT NULL, "date" date NOT NULL, "photo" varchar(100) NOT NULL, "first_description" text NULL, "second_description" text NULL, "slug" varchar(127) NOT NULL);
INSERT INTO main_news VALUES(1,'Новое поступление весна—лето','2024-12-09','uploads/news/d5135ce64e31398fdbf8752634ae5d19.png','Описание до фото','Описание после фото','new_vesna_leto');
INSERT INTO main_news VALUES(2,'Новое поступление зима-осень','2024-12-02','uploads/news/chart_wdq7mZv.png','Описание до фото','Описание до фото','new_zima_osen');
CREATE TABLE IF NOT EXISTS "order_order_cart_items" ("id" integer NOT NULL PRIMARY KEY AUTOINCREMENT, "order_id" bigint NOT NULL REFERENCES "order_order" ("id") DEFERRABLE INITIALLY DEFERRED, "producttype_id" bigint NOT NULL REFERENCES "catalog_producttype" ("id") DEFERRABLE INITIALLY DEFERRED);
INSERT INTO order_order_cart_items VALUES(7,3,1);
INSERT INTO order_order_cart_items VALUES(8,3,4);
CREATE TABLE IF NOT EXISTS "order_order" ("id" integer NOT NULL PRIMARY KEY AUTOINCREMENT, "date" date NULL, "order_type" varchar(127) NOT NULL, "customer_id" bigint NULL REFERENCES "personal_customer" ("id") DEFERRABLE INITIALLY DEFERRED, "last_name" varchar(127) NULL, "mail" varchar(127) NULL, "name" varchar(127) NULL, "phone_number" varchar(63) NULL, "shop_id" bigint NOT NULL REFERENCES "main_shops" ("id") DEFERRABLE INITIALLY DEFERRED, "price" integer NOT NULL, "order_status" varchar(127) NOT NULL);
INSERT INTO order_order VALUES(3,'2024-12-09','Забрать из магазина',1,'test','mail@mail.ru','test','+7 (123) 333 33-33',3,50000,'В обработке');
DELETE FROM sqlite_sequence;
INSERT INTO sqlite_sequence VALUES('django_migrations',35);
INSERT INTO sqlite_sequence VALUES('django_admin_log',47);
INSERT INTO sqlite_sequence VALUES('django_content_type',18);
INSERT INTO sqlite_sequence VALUES('auth_permission',72);
INSERT INTO sqlite_sequence VALUES('auth_group',0);
INSERT INTO sqlite_sequence VALUES('auth_user',13);
INSERT INTO sqlite_sequence VALUES('personal_customer',13);
INSERT INTO sqlite_sequence VALUES('catalog_color',3);
INSERT INTO sqlite_sequence VALUES('catalog_material',3);
INSERT INTO sqlite_sequence VALUES('catalog_size',3);
INSERT INTO sqlite_sequence VALUES('catalog_producttype',12);
INSERT INTO sqlite_sequence VALUES('catalog_collections',2);
INSERT INTO sqlite_sequence VALUES('catalog_product',7);
INSERT INTO sqlite_sequence VALUES('catalog_producttypephotos',3);
INSERT INTO sqlite_sequence VALUES('main_news',2);
INSERT INTO sqlite_sequence VALUES('main_shops',4);
INSERT INTO sqlite_sequence VALUES('order_order_cart_items',8);
INSERT INTO sqlite_sequence VALUES('order_order',3);
INSERT INTO sqlite_sequence VALUES('main_newsphotos',7);
CREATE UNIQUE INDEX "auth_group_permissions_group_id_permission_id_0cd325b0_uniq" ON "auth_group_permissions" ("group_id", "permission_id");
CREATE INDEX "auth_group_permissions_group_id_b120cbf9" ON "auth_group_permissions" ("group_id");
CREATE INDEX "auth_group_permissions_permission_id_84c5c92e" ON "auth_group_permissions" ("permission_id");
CREATE UNIQUE INDEX "auth_user_groups_user_id_group_id_94350c0c_uniq" ON "auth_user_groups" ("user_id", "group_id");
CREATE INDEX "auth_user_groups_user_id_6a12ed8b" ON "auth_user_groups" ("user_id");
CREATE INDEX "auth_user_groups_group_id_97559544" ON "auth_user_groups" ("group_id");
CREATE UNIQUE INDEX "auth_user_user_permissions_user_id_permission_id_14a6b632_uniq" ON "auth_user_user_permissions" ("user_id", "permission_id");
CREATE INDEX "auth_user_user_permissions_user_id_a95ead1b" ON "auth_user_user_permissions" ("user_id");
CREATE INDEX "auth_user_user_permissions_permission_id_1fbb5f2c" ON "auth_user_user_permissions" ("permission_id");
CREATE INDEX "django_admin_log_content_type_id_c4bce8eb" ON "django_admin_log" ("content_type_id");
CREATE INDEX "django_admin_log_user_id_c564eba6" ON "django_admin_log" ("user_id");
CREATE UNIQUE INDEX "django_content_type_app_label_model_76bd3d3b_uniq" ON "django_content_type" ("app_label", "model");
CREATE UNIQUE INDEX "auth_permission_content_type_id_codename_01ab375a_uniq" ON "auth_permission" ("content_type_id", "codename");
CREATE INDEX "auth_permission_content_type_id_2f476e4b" ON "auth_permission" ("content_type_id");
CREATE INDEX "catalog_producttypephotos_producttype_id_5f2cec95" ON "catalog_producttypephotos" ("producttype_id");
CREATE INDEX "main_newsphotos_news_id_4f764db4" ON "main_newsphotos" ("news_id");
CREATE INDEX "django_session_expire_date_a5c62663" ON "django_session" ("expire_date");
CREATE INDEX "catalog_producttype_color_id_4aecab3f" ON "catalog_producttype" ("color_id");
CREATE INDEX "catalog_producttype_material_id_da881e5c" ON "catalog_producttype" ("material_id");
CREATE INDEX "catalog_producttype_size_id_43798979" ON "catalog_producttype" ("size_id");
CREATE INDEX "catalog_producttype_product_id_101b3f13" ON "catalog_producttype" ("product_id");
CREATE INDEX "catalog_product_collection_id_ddea8d85" ON "catalog_product" ("collection_id");
CREATE UNIQUE INDEX "order_order_cart_items_order_id_producttype_id_ca7013a9_uniq" ON "order_order_cart_items" ("order_id", "producttype_id");
CREATE INDEX "order_order_cart_items_order_id_365108c6" ON "order_order_cart_items" ("order_id");
CREATE INDEX "order_order_cart_items_producttype_id_f453291b" ON "order_order_cart_items" ("producttype_id");
CREATE INDEX "order_order_customer_id_5bbbd957" ON "order_order" ("customer_id");
CREATE INDEX "order_order_shop_id_ede10ed8" ON "order_order" ("shop_id");
COMMIT;
